Date,WL
2019-01-01,24.34397727
2019-01-02,24.48806818
2019-01-03,24.87363636
2019-01-04,25.52170455
2019-01-05,26.00875
2019-01-06,26.30056818
2019-01-07,26.49272727
2019-01-08,26.71681818
2019-01-09,27.10272727
2019-01-10,27.40306818
2019-01-11,27.55897727
2019-01-12,27.90784091
2019-01-13,28.45261364
2019-01-14,28.76965909
2019-01-15,29.07738636
2019-01-16,29.39
2019-01-17,29.53852273
2019-01-18,29.71522727
2019-01-19,29.77147727
2019-01-20,29.80034091
2019-01-21,29.88738636
2019-01-22,29.86409091
2019-01-23,29.72818182
2019-01-24,29.60818182
2019-01-25,29.24045455
2019-01-26,28.84670455
2019-01-27,28.65784091
2019-01-28,28.58306818
2019-01-29,28.51045455
2019-01-30,28.35454545
2019-01-31,28.30715909
2019-02-01,28.26238636
2019-02-02,28.15159091
2019-02-03,28.17829545
2019-02-04,28.12159091
2019-02-05,28.10272727
2019-02-06,27.89568182
2019-02-07,27.76795455
2019-02-08,27.61568182
2019-02-09,27.27568182
2019-02-10,27.10761364
2019-02-11,26.93761364
2019-02-12,26.82204545
2019-02-13,26.74318182
2019-02-14,26.65204545
2019-02-15,26.53170455
2019-02-16,26.665
2019-02-17,26.80272727
2019-02-18,27.20386364
2019-02-19,27.73761364
2019-02-20,27.97193182
2019-02-21,28.29113636
2019-02-22,28.64636364
2019-02-23,28.95670455
2019-02-24,29.33
2019-02-25,29.75329545
2019-02-26,30.33363636
2019-02-27,30.90909091
2019-02-28,30.96375
2019-03-01,31.27511364
2019-03-02,31.88409091
2019-03-03,31.92840909
2019-03-04,32.56375
2019-03-05,32.72284091
2019-03-06,32.94352273
2019-03-07,33.11602273
2019-03-08,33.23681818
2019-03-09,33.35488636
2019-03-10,33.46568182
2019-03-11,33.62602273
2019-03-12,33.54340909
2019-03-13,33.49125
2019-03-14,33.42079545
2019-03-15,33.43522727
2019-03-16,33.50818182
2019-03-17,33.52227273
2019-03-18,33.73045455
2019-03-19,33.69863636
2019-03-20,33.69159091
2019-03-21,33.47738636
2019-03-22,33.63420455
2019-03-23,33.53193182
2019-03-24,33.39556818
2019-03-25,33.39556818
2019-03-26,33.33931818
2019-03-27,33.31340909
2019-03-28,33.335
2019-03-29,33.33829545
2019-03-30,33.33829545
2019-03-31,33.32977273
2019-04-01,33.27011364
2019-04-02,33.00875
2019-04-03,32.70988636
2019-04-04,32.40875
2019-04-05,32.21397727
2019-04-06,31.90363636
2019-04-07,31.54068182
2019-04-08,31.30204545
2019-04-09,31.23386364
2019-04-10,31.23386364
2019-04-11,31.08045455
2019-04-12,31.20829545
2019-04-13,30.97818182
2019-04-14,30.76875
2019-04-15,30.69659091
2019-04-16,30.67522727
2019-04-17,30.68772727
2019-04-18,30.61727273
2019-04-19,31.01897727
2019-04-20,31.06738636
2019-04-21,31.23227273
2019-04-22,31.27784091
2019-04-23,31.40920455
2019-04-24,31.48409091
2019-04-25,31.15352273
2019-04-26,31.77090909
2019-04-27,31.83056818
2019-04-28,31.85227273
2019-04-29,31.86522727
2019-04-30,31.88261364
2019-05-01,31.77738636
2019-05-02,31.55909091
2019-05-03,31.83181818
2019-05-04,31.84397727
2019-05-05,31.92431818
2019-05-06,32.03136364
2019-05-07,32.20659091
2019-05-08,32.2675
2019-05-09,32.60738636
2019-05-10,33.18022727
2019-05-11,33.16954545
2019-05-12,33.35852273
2019-05-13,33.33965909
2019-05-14,33.10579545
2019-05-15,33.06943182
2019-05-16,33.16431818
2019-05-17,33.19886364
2019-05-18,33.20113636
2019-05-19,33.21568182
2019-05-20,33.39909091
2019-05-21,33.37806818
2019-05-22,33.36511364
2019-05-23,33.25772727
2019-05-24,33.26477273
2019-05-25,33.29329545
2019-05-26,33.39909091
2019-05-27,33.36204545
2019-05-28,33.24420455
2019-05-29,33.15306818
2019-05-30,33.07340909
2019-05-31,33.15409091
2019-06-01,33.01068182
2019-06-02,32.96363636
2019-06-03,32.89056818
2019-06-04,32.84647727
2019-06-05,32.95511364
2019-06-06,32.91693182
2019-06-07,33.26863636
2019-06-08,33.04715909
2019-06-09,32.95090909
2019-06-10,32.96170455
2019-06-11,33.03181818
2019-06-12,33.01602273
2019-06-13,33.18613636
2019-06-14,33.00170455
2019-06-15,32.93318182
2019-06-16,32.92659091
2019-06-17,32.86034091
2019-06-18,32.92
2019-06-19,32.81034091
2019-06-20,32.65613636
2019-06-21,32.46159091
2019-06-22,32.36
2019-06-23,32.16102273
2019-06-24,32.11318182
2019-06-25,31.90352273
2019-06-26,31.82602273
2019-06-27,31.74965909
2019-06-28,31.68329545
2019-06-29,31.72295455
2019-06-30,31.56693182
2019-07-01,31.76443182
2019-07-02,31.80659091
2019-07-03,31.78295455
2019-07-04,31.79045455
2019-07-05,31.83079545
2019-07-06,31.93715909
2019-07-07,31.86352273
2019-07-08,31.82477273
2019-07-09,31.73306818
2019-07-10,31.71068182
2019-07-11,31.64636364
2019-07-12,31.79545455
2019-07-13,31.86193182
2019-07-14,31.48931818
2019-07-15,31.42875
2019-07-16,31.34784091
2019-07-17,31.05420455
2019-07-18,31.15488636
2019-07-19,30.83340909
2019-07-20,30.535
2019-07-21,30.18136364
2019-07-22,29.94590909
2019-07-23,29.71113636
2019-07-24,29.44795455
2019-07-25,29.17022727
2019-07-26,28.86772727
2019-07-27,28.53261364
2019-07-28,28.14159091
2019-07-29,27.61875
2019-07-30,27.15556818
2019-07-31,26.70579545
2019-08-01,26.23181818
2019-08-02,25.83977273
2019-08-03,25.55852273
2019-08-04,25.00647727
2019-08-05,24.61636364
2019-08-06,24.15295455
2019-08-07,23.61772727
2019-08-08,22.93204545
2019-08-09,22.28625
2019-08-10,21.77488636
2019-08-11,20.96965909
2019-08-12,20.33147727
2019-08-13,19.67522727
2019-08-14,19.15431818
2019-08-15,18.52568182
2019-08-16,17.83545455
2019-08-17,17.08034091
2019-08-18,16.28125
2019-08-19,15.47806818
2019-08-20,14.77363636
2019-08-21,14.07363636
2019-08-22,13.68636364
2019-08-23,13.41613636
2019-08-24,13.01693182
2019-08-25,12.73909091
2019-08-26,12.48056818
2019-08-27,12.26204545
2019-08-28,12.01568182
2019-08-29,12.1225
2019-08-30,12.40727273
2019-08-31,12.53125
2019-09-01,12.57375
2019-09-02,12.69840909
2019-09-03,12.68897727
2019-09-04,12.63329545
2019-09-05,12.44647727
2019-09-06,12.16954545
2019-09-07,11.99556818
2019-09-08,11.75886364
2019-09-09,11.72102273
2019-09-10,11.51715909
2019-09-11,11.25261364
2019-09-12,10.92613636
2019-09-13,10.74386364
2019-09-14,10.55590909
2019-09-15,10.41909091
2019-09-16,10.27375
2019-09-17,9.855340909
2019-09-18,9.543977273
2019-09-19,9.194318182
2019-09-20,9.29375
2019-09-21,9.604431818
2019-09-22,9.647045455
2019-09-23,9.594090909
2019-09-24,9.646931818
2019-09-25,9.634318182
2019-09-26,9.686477273
2019-09-27,9.869431818
2019-09-28,9.933522727
2019-09-29,10.14556818
2019-09-30,10.55272727
2019-10-01,10.88227273
2019-10-02,11.26943182
2019-10-03,11.52397727
2019-10-04,11.69193182
2019-10-05,11.98875
2019-10-06,12.26181818
2019-10-07,12.35022727
2019-10-08,12.35761364
2019-10-09,12.40931818
2019-10-10,12.69102273
2019-10-11,13.34465909
2019-10-12,13.56818182
2019-10-13,13.66613636
2019-10-14,13.75647727
2019-10-15,14.12977273
2019-10-16,14.64477273
2019-10-17,15.17011364
2019-10-18,15.63420455
2019-10-19,16.07147727
2019-10-20,15.83897727
2019-10-21,15.65886364
2019-10-22,15.67102273
2019-10-23,15.61477273
2019-10-24,15.56193182
2019-10-25,15.73329545
2019-10-26,16.25522727
2019-10-27,16.16886364
2019-10-28,16.34818182
2019-10-29,16.65386364
2019-10-30,17.23159091
2019-10-31,17.83965909
2019-11-01,18.45215909
2019-11-02,18.98034091
2019-11-03,19.41909091
2019-11-04,19.83511364
2019-11-05,20.14977273
2019-11-06,20.39261364
2019-11-07,20.40625
2019-11-08,19.80113636
2019-11-09,19.78511364
2019-11-10,19.65875
2019-11-11,19.62556818
2019-11-12,19.70761364
2019-11-13,19.93931818
2019-11-14,20.02386364
2019-11-15,20.08318182
2019-11-16,20.03090909
2019-11-17,19.89295455
2019-11-18,19.62522727
2019-11-19,19.31215909
2019-11-20,18.84261364
2019-11-21,17.36704545
2019-11-22,17.05534091
2019-11-23,16.70954545
2019-11-24,16.56829545
2019-11-25,16.62159091
2019-11-26,16.53375
2019-11-27,16.43125
2019-11-28,16.38488636
2019-11-29,16.43295455
2019-11-30,16.41227273
2019-12-01,16.54068182
2019-12-02,16.89102273
2019-12-03,17.24556818
2019-12-04,17.74238636
2019-12-05,18.22329545
2019-12-06,18.765
2019-12-07,19.43602273
2019-12-08,20.18
2019-12-09,20.87772727
2019-12-10,21.32863636
2019-12-11,21.58863636
2019-12-12,21.77977273
2019-12-13,21.81136364
2019-12-14,21.56727273
2019-12-15,21.3875
2019-12-16,20.955
2019-12-17,20.57284091
2019-12-18,20.2025
2019-12-19,19.79806818
2019-12-20,19.99465909
2019-12-21,20.12534091
2019-12-22,20.29181818
2019-12-23,20.31420455
2019-12-24,20.57738636
2019-12-25,20.85045455
2019-12-26,21.26625
2019-12-27,21.77579545
2019-12-28,21.84579545
2019-12-29,22.06670455
2019-12-30,22.31102273
2019-12-31,22.65136364
2020-01-01,23.02545455
2020-01-02,23.41545455
2020-01-03,24.06477273
2020-01-04,24.21545455
2020-01-05,24.53693182
2020-01-06,24.98806818
2020-01-07,25.32556818
2020-01-08,25.80977273
2020-01-09,26.43079545
2020-01-10,26.77318182
2020-01-11,27.3825
2020-01-12,27.83136364
2020-01-13,28.18056818
2020-01-14,28.46227273
2020-01-15,28.78659091
2020-01-16,28.95318182
2020-01-17,29.2425
2020-01-18,29.48090909
2020-01-19,29.73863636
2020-01-20,29.90704545
2020-01-21,30.11352273
2020-01-22,30.15090909
2020-01-23,30.29238636
2020-01-24,30.24488636
2020-01-25,30.17738636
2020-01-26,29.97715909
2020-01-27,29.74988636
2020-01-28,29.78375
2020-01-29,29.76420455
2020-01-30,29.58079545
2020-01-31,29.21590909
2020-02-01,28.92784091
2020-02-02,28.72534091
2020-02-03,28.52318182
2020-02-04,28.42852273
2020-02-05,28.49806818
2020-02-06,28.57738636
2020-02-07,28.70068182
2020-02-08,28.87738636
2020-02-09,29.00852273
2020-02-10,29.27045455
2020-02-11,29.62840909
2020-02-12,30.05772727
2020-02-13,30.58534091
2020-02-14,31.06147727
2020-02-15,31.26420455
2020-02-16,31.44784091
2020-02-17,31.78625
2020-02-18,31.94727273
2020-02-19,32.04454545
2020-02-20,31.95693182
2020-02-21,32.02238636
2020-02-22,32.01068182
2020-02-23,32.09840909
2020-02-24,32.03443182
2020-02-25,32.06
2020-02-26,32.25818182
2020-02-27,32.28829545
2020-02-28,32.32875
2020-02-29,32.20534091
2020-03-01,31.93886364
2020-03-02,31.76159091
2020-03-03,31.53022727
2020-03-04,31.32068182
2020-03-05,30.95670455
2020-03-06,30.56193182
2020-03-07,30.31170455
2020-03-08,30.08329545
2020-03-09,29.85227273
2020-03-10,29.63613636
2020-03-11,29.45738636
2020-03-12,29.23602273
2020-03-13,29.32
2020-03-14,29.3825
2020-03-15,29.52602273
2020-03-16,29.83352273
2020-03-17,29.93579545
2020-03-18,30.30863636
2020-03-19,30.49045455
2020-03-20,30.72125
2020-03-21,30.98386364
2020-03-22,31.25647727
2020-03-23,31.38159091
2020-03-24,31.73761364
2020-03-25,31.92056818
2020-03-26,32.12920455
2020-03-27,32.32011364
2020-03-28,32.49886364
2020-03-29,32.87727273
2020-03-30,32.77659091
2020-03-31,32.82522727
2020-04-01,32.94022727
2020-04-02,33.00625
2020-04-03,33.09375
2020-04-04,33.18011364
2020-04-05,33.31
2020-04-06,33.41056818
2020-04-07,33.62840909
2020-04-08,33.69409091
2020-04-09,33.72420455
2020-04-10,33.60568182
2020-04-11,33.435
2020-04-12,33.20988636
2020-04-13,33.05363636
2020-04-14,32.80363636
2020-04-15,32.51181818
2020-04-16,32.37704545
2020-04-17,32.37965909
2020-04-18,32.29897727
2020-04-19,32.06340909
2020-04-20,31.77011364
2020-04-21,31.77988636
2020-04-22,31.69034091
2020-04-23,31.62875
2020-04-24,31.45068182
2020-04-25,31.11772727
2020-04-26,30.88363636
2020-04-27,30.54397727
2020-04-28,30.36363636
2020-04-29,30.15215909
2020-04-30,29.73693182
2020-05-01,29.74147727
2020-05-02,29.5425
2020-05-03,29.29511364
2020-05-04,29.11988636
2020-05-05,28.92170455
2020-05-06,28.69727273
2020-05-07,28.74954545
2020-05-08,28.44829545
2020-05-09,28.26818182
2020-05-10,28.05090909
2020-05-11,27.87034091
2020-05-12,27.76238636
2020-05-13,27.50920455
2020-05-14,27.28602273
2020-05-15,27.22806818
2020-05-16,27.20636364
2020-05-17,27.11875
2020-05-18,27.10613636
2020-05-19,27.03636364
2020-05-20,26.8925
2020-05-21,26.80170455
2020-05-22,26.79170455
2020-05-23,26.80329545
2020-05-24,26.93568182
2020-05-25,26.99590909
2020-05-26,27.07693182
2020-05-27,27.18352273
2020-05-28,27.28568182
2020-05-29,27.39522727
2020-05-30,27.76613636
2020-05-31,28.03136364
2020-06-01,27.70784091
2020-06-02,27.72670455
2020-06-03,27.79113636
2020-06-04,27.73272727
2020-06-05,27.56863636
2020-06-06,27.3175
2020-06-07,27.00522727
2020-06-08,26.53954545
2020-06-09,26.05306818
2020-06-10,25.52261364
2020-06-11,25.08022727
2020-06-12,24.46693182
2020-06-13,23.965
2020-06-14,23.49670455
2020-06-15,23.04193182
2020-06-16,22.69704545
2020-06-17,22.32102273
2020-06-18,21.90011364
2020-06-19,21.31556818
2020-06-20,20.71375
2020-06-21,20.13147727
2020-06-22,19.43454545
2020-06-23,18.57738636
2020-06-24,17.64363636
2020-06-25,16.83272727
2020-06-26,16.06159091
2020-06-27,15.53681818
2020-06-28,15.35647727
2020-06-29,15.27193182
2020-06-30,15.51227273
2020-07-01,15.83784091
2020-07-02,16.26602273
2020-07-03,16.46306818
2020-07-04,16.59113636
2020-07-05,16.64647727
2020-07-06,16.59534091
2020-07-07,16.18704545
2020-07-08,15.11852273
2020-07-09,14.24625
2020-07-10,13.25863636
2020-07-11,12.28852273
2020-07-12,11.60556818
2020-07-13,11.10806818
2020-07-14,10.82465909
2020-07-15,10.64681818
2020-07-16,10.61761364
2020-07-17,10.39977273
2020-07-18,10.19079545
2020-07-19,10.10738636
2020-07-20,10.11545455
2020-07-21,10.13636364
2020-07-22,9.9325
2020-07-23,9.819659091
2020-07-24,9.735
2020-07-25,9.714318182
2020-07-26,9.727045455
2020-07-27,9.595113636
2020-07-28,9.405454545
2020-07-29,8.951477273
2020-07-30,8.993409091
2020-07-31,9.4075
2020-08-01,9.7375
2020-08-02,10.16079545
2020-08-03,10.63772727
2020-08-04,10.97113636
2020-08-05,11.06045455
2020-08-06,10.81477273
2020-08-07,10.37170455
2020-08-08,10.12068182
2020-08-09,9.990909091
2020-08-10,9.972954545
2020-08-11,10.10477273
2020-08-12,9.863068182
2020-08-13,9.483522727
2020-08-14,9.273863636
2020-08-15,9.277954545
2020-08-16,9.513295455
2020-08-17,9.686704545
2020-08-18,9.529204545
2020-08-19,9.474772727
2020-08-20,8.748181818
2020-08-21,8.106363636
2020-08-22,7.776477273
2020-08-23,7.729318182
2020-08-24,7.870568182
2020-08-25,7.986136364
2020-08-26,7.824431818
2020-08-27,7.909659091
2020-08-28,8.179659091
2020-08-29,8.6375
2020-08-30,9.132840909
2020-08-31,9.236136364
2020-09-01,9.135909091
2020-09-02,9.183181818
2020-09-03,9.299431818
2020-09-04,9.37375
2020-09-05,9.586818182
2020-09-06,10.01852273
2020-09-07,11.27181818
2020-09-08,10.63772727
2020-09-09,9.223636364
2020-09-10,8.717386364
2020-09-11,8.670795455
2020-09-12,9.490681818
2020-09-13,9.767386364
2020-09-14,9.221022727
2020-09-15,8.429545455
2020-09-16,8.667613636
2020-09-17,9.218522727
2020-09-18,9.815227273
2020-09-19,9.686818182
2020-09-20,9.514318182
2020-09-21,9.38125
2020-09-22,9.149886364
2020-09-23,8.716477273
2020-09-24,8.572613636
2020-09-25,8.553181818
2020-09-26,8.297613636
2020-09-27,8.1825
2020-09-28,7.901818182
2020-09-29,7.659204545
2020-09-30,7.472159091
2020-10-01,7.610454545
2020-10-02,8.427727273
2020-10-03,7.88875
2020-10-04,7.550909091
2020-10-05,7.304886364
2020-10-06,7.362727273
2020-10-07,7.682045455
2020-10-08,7.756931818
2020-10-09,8.300909091
2020-10-10,8.270454545
2020-10-11,8.249204545
2020-10-12,8.344204545
2020-10-13,8.480795455
2020-10-14,8.424659091
2020-10-15,8.452840909
2020-10-16,8.128977273
2020-10-17,8.109090909
2020-10-18,7.93625
2020-10-19,7.887045455
2020-10-20,7.826818182
2020-10-21,8.399659091
2020-10-22,7.528977273
2020-10-23,7.3875
2020-10-24,7.326818182
2020-10-25,7.757840909
2020-10-26,8.250909091
2020-10-27,8.148977273
2020-10-28,9.238636364
2020-10-29,10.09113636
2020-10-30,10.1
2020-10-31,11.47909091
2020-11-01,11.62590909
2020-11-02,11.61977273
2020-11-03,11.44761364
2020-11-04,11.06988636
2020-11-05,10.42215909
2020-11-06,9.936818182
2020-11-07,9.719772727
2020-11-08,9.395454545
2020-11-09,9.051590909
2020-11-10,8.943409091
2020-11-11,8.670795455
2020-11-12,8.463295455
2020-11-13,8.463068182
2020-11-14,8.552613636
2020-11-15,8.466136364
2020-11-16,8.663181818
2020-11-17,8.997613636
2020-11-18,9.004090909
2020-11-19,8.942840909
2020-11-20,9.138295455
2020-11-21,9.631931818
2020-11-22,9.930568182
2020-11-23,9.937954545
2020-11-24,9.852954545
2020-11-25,10.30681818
2020-11-26,10.68
2020-11-27,10.96943182
2020-11-28,11.07454545
2020-11-29,11.15579545
2020-11-30,11.18625
2020-12-01,11.13886364
2020-12-02,11.09102273
2020-12-03,10.84806818
2020-12-04,10.88170455
2020-12-05,10.78465909
2020-12-06,10.82147727
2020-12-07,10.70295455
2020-12-08,11.05761364
2020-12-09,11.05352273
2020-12-10,10.99125
2020-12-11,10.93386364
2020-12-12,11.23772727
2020-12-13,11.32375
2020-12-14,11.34
2020-12-15,11.53284091
2020-12-16,11.81147727
2020-12-17,12.14590909
2020-12-18,12.36045455
2020-12-19,12.49306818
2020-12-20,12.65488636
2020-12-21,12.55272727
2020-12-22,12.73295455
2020-12-23,12.79477273
2020-12-24,13.01784091
2020-12-25,12.77818182
2020-12-26,12.92409091
2020-12-27,13.45772727
2020-12-28,14.29125
2020-12-29,15.25897727
2020-12-30,16.29386364
2020-12-31,16.81761364
2021-01-01,17.50045455
2021-01-02,18.03977273
2021-01-03,18.62590909
2021-01-04,18.96511364
2021-01-05,19.12045455
2021-01-06,19.21681818
2021-01-07,19.19193182
2021-01-08,19.01795455
2021-01-09,18.63840909
2021-01-10,18.22806818
2021-01-11,17.65886364
2021-01-12,17.02204545
2021-01-13,16.06170455
2021-01-14,15.40693182
2021-01-15,15.30875
2021-01-16,14.79352273
2021-01-17,13.95272727
2021-01-18,13.33284091
2021-01-19,12.78727273
2021-01-20,12.26090909
2021-01-21,12.01227273
2021-01-22,11.73625
2021-01-23,11.88727273
2021-01-24,11.70931818
2021-01-25,11.89659091
2021-01-26,12.39181818
2021-01-27,13.07897727
2021-01-28,14
2021-01-29,15.10613636
2021-01-30,15.69681818
2021-01-31,16.14431818
2021-02-01,16.62363636
2021-02-02,16.81602273
2021-02-03,17.07170455
2021-02-04,17.73454545
2021-02-05,17.81147727
2021-02-06,17.66420455
2021-02-07,17.26454545
2021-02-08,16.74715909
2021-02-09,16.19397727
2021-02-10,16.21022727
2021-02-11,16.07056818
2021-02-12,15.71715909
2021-02-13,15.35306818
2021-02-14,15.15511364
2021-02-15,15.00545455
2021-02-16,14.97738636
2021-02-17,15.00272727
2021-02-18,15.20045455
2021-02-19,15.46375
2021-02-20,15.62738636
2021-02-21,15.94590909
2021-02-22,16.55681818
2021-02-23,17.35454545
2021-02-24,18.30181818
2021-02-25,19.32261364
2021-02-26,20.36113636
2021-02-27,21.36704545
2021-02-28,22.13431818
2021-03-01,22.73261364
2021-03-02,23.37988636
2021-03-03,23.74738636
2021-03-04,24.01375
2021-03-05,24.17795455
2021-03-06,24.42102273
2021-03-07,24.70477273
2021-03-08,24.91477273
2021-03-09,25.05431818
2021-03-10,25.4625
2021-03-11,25.53715909
2021-03-12,25.76534091
2021-03-13,26.015
2021-03-14,26.22988636
2021-03-15,26.49556818
2021-03-16,27.17738636
2021-03-17,27.22772727
2021-03-18,27.33102273
2021-03-19,27.25125
2021-03-20,27.39045455
2021-03-21,27.44011364
2021-03-22,27.53465909
2021-03-23,27.67943182
2021-03-24,27.98681818
2021-03-25,28.32659091
2021-03-26,28.44443182
2021-03-27,28.54761364
2021-03-28,28.48704545
2021-03-29,28.5825
2021-03-30,28.40079545
2021-03-31,28.59670455
2021-04-01,28.55693182
2021-04-02,28.67568182
2021-04-03,28.82875
2021-04-04,28.69863636
2021-04-05,28.50147727
2021-04-06,28.685
2021-04-07,28.63136364
2021-04-08,28.59659091
2021-04-09,28.46022727
2021-04-10,28.14818182
2021-04-11,27.71681818
2021-04-12,27.32159091
2021-04-13,26.99681818
2021-04-14,26.72102273
2021-04-15,26.32556818
2021-04-16,26.15318182
2021-04-17,26.02522727
2021-04-18,25.70977273
2021-04-19,25.15522727
2021-04-20,24.55693182
2021-04-21,23.91534091
2021-04-22,23.2275
2021-04-23,22.71534091
2021-04-24,22.35397727
2021-04-25,21.95261364
2021-04-26,21.86420455
2021-04-27,21.99215909
2021-04-28,22.04034091
2021-04-29,22.21806818
2021-04-30,22.24602273
2021-05-01,22.28670455
2021-05-02,22.47818182
2021-05-03,22.60625
2021-05-04,22.81579545
2021-05-05,23.03193182
2021-05-06,23.07647727
2021-05-07,23.10806818
2021-05-08,23.17193182
2021-05-09,23.29511364
2021-05-10,23.66329545
2021-05-11,23.52931818
2021-05-12,23.52125
2021-05-13,23.83670455
2021-05-14,23.48772727
2021-05-15,22.95829545
2021-05-16,22.46875
2021-05-17,22.06909091
2021-05-18,21.79568182
2021-05-19,21.59147727
2021-05-20,21.53988636
2021-05-21,21.48454545
2021-05-22,21.42840909
2021-05-23,21.29113636
2021-05-24,21.06681818
2021-05-25,20.82954545
2021-05-26,20.74875
2021-05-27,20.59795455
2021-05-28,20.41340909
2021-05-29,20.26568182
2021-05-30,20.30363636
2021-05-31,19.95261364
2021-06-01,19.81193182
2021-06-02,19.73477273
2021-06-03,19.71068182
2021-06-04,19.71363636
2021-06-05,19.83409091
2021-06-06,20.00977273
2021-06-07,20.10738636
2021-06-08,20.11738636
2021-06-09,20.05875
2021-06-10,20.03602273
2021-06-11,20.26556818
2021-06-12,19.79863636
2021-06-13,19.64204545
2021-06-14,19.53079545
2021-06-15,19.40204545
2021-06-16,19.11511364
2021-06-17,18.73784091
2021-06-18,18.31284091
2021-06-19,17.89534091
2021-06-20,17.41397727
2021-06-21,16.77579545
2021-06-22,16.1725
2021-06-23,15.64693182
2021-06-24,15.14159091
2021-06-25,14.69443182
2021-06-26,14.49295455
2021-06-27,14.64704545
2021-06-28,15.24818182
2021-06-29,16.00875
2021-06-30,16.81965909
2021-07-01,17.50159091
2021-07-02,18.15352273
2021-07-03,18.69943182
2021-07-04,19.29284091
2021-07-05,19.56613636
2021-07-06,19.65045455
2021-07-07,19.31625
2021-07-08,18.66022727
2021-07-09,17.905
2021-07-10,17.10102273
2021-07-11,16.37056818
2021-07-12,15.97034091
2021-07-13,15.90840909
2021-07-14,15.90556818
2021-07-15,16.08113636
2021-07-16,16.28056818
2021-07-17,16.61715909
2021-07-18,16.83511364
2021-07-19,17.06920455
2021-07-20,17.2425
2021-07-21,17.14
2021-07-22,16.74795455
2021-07-23,16.14056818
2021-07-24,15.42454545
2021-07-25,14.57863636
2021-07-26,13.49920455
2021-07-27,12.34522727
2021-07-28,11.19238636
2021-07-29,10.41920455
2021-07-30,9.684886364
2021-07-31,9.161022727
2021-08-01,8.639204545
2021-08-02,8.340795455
2021-08-03,8.213409091
2021-08-04,8.140227273
2021-08-05,8.041022727
2021-08-06,7.812386364
2021-08-07,7.825340909
2021-08-08,8.482159091
2021-08-09,7.697045455
2021-08-10,7.454431818
2021-08-11,7.455454545
2021-08-12,7.367272727
2021-08-13,7.288295455
2021-08-14,7.396136364
2021-08-15,7.52
2021-08-16,7.705909091
2021-08-17,7.918522727
2021-08-18,7.993295455
2021-08-19,8.449318182
2021-08-20,8.587954545
2021-08-21,10.33534091
2021-08-22,11.01977273
2021-08-23,8.998863636
2021-08-24,8.260227273
2021-08-25,7.933181818
2021-08-26,7.5875
2021-08-27,7.330340909
2021-08-28,7.117386364
2021-08-29,6.81625
2021-08-30,6.679431818
2021-08-31,6.813295455
2021-09-01,7.014204545
2021-09-02,7.4775
2021-09-03,7.980568182
2021-09-04,8.496704545
2021-09-05,8.882272727
2021-09-06,9.342840909
2021-09-07,9.733068182
2021-09-08,9.5525
2021-09-09,9.0175
2021-09-10,8.156818182
2021-09-11,7.421818182
2021-09-12,7.048465909
2021-09-13,6.802954545
2021-09-14,6.602272727
2021-09-15,6.712159091
2021-09-16,6.515
2021-09-17,6.339090909
2021-09-18,6.343409091
2021-09-19,6.401818182
2021-09-20,6.639772727
2021-09-21,6.950909091
2021-09-22,6.946590909
2021-09-23,7.089318182
2021-09-24,7.429545455
2021-09-25,7.565568182
2021-09-26,7.6875
2021-09-27,7.688522727
2021-09-28,7.454659091
2021-09-29,7.028409091
2021-09-30,6.639886364
2021-10-01,6.449318182
2021-10-02,6.227954545
2021-10-03,6.260795455
2021-10-04,6.159431818
2021-10-05,6.065681818
2021-10-06,6.282840909
2021-10-07,6.382386364
2021-10-08,6.407954545
2021-10-09,7.0975
2021-10-10,7.230227273
2021-10-11,7.360681818
2021-10-12,7.854090909
2021-10-13,7.768522727
2021-10-14,7.501477273
2021-10-15,7.315340909
2021-10-16,7.327840909
2021-10-17,7.214772727
2021-10-18,6.917954545
2021-10-19,6.83625
2021-10-20,6.776477273
2021-10-21,5.526136364
2021-10-22,5.594090909
2021-10-23,5.896136364
2021-10-24,6
2021-10-25,6.586590909
2021-10-26,6.99875
2021-10-27,7.248068182
2021-10-28,7.627954545
2021-10-29,8.111590909
2021-10-30,8.562840909
2021-10-31,9.135340909
2021-11-01,9.410227273
2021-11-02,9.259431818
2021-11-03,8.962727273
2021-11-04,8.569659091
2021-11-05,8.133977273
2021-11-06,7.870454545
2021-11-07,7.617272727
2021-11-08,7.462613636
2021-11-09,7.020113636
2021-11-10,6.706363636
2021-11-11,6.4875
2021-11-12,6.676022727
2021-11-13,6.507272727
2021-11-14,6.613977273
2021-11-15,6.756477273
2021-11-16,6.820113636
2021-11-17,6.817159091
2021-11-18,6.827954545
2021-11-19,6.82375
2021-11-20,6.799318182
2021-11-21,6.906363636
2021-11-22,6.913068182
2021-11-23,7.01375
2021-11-24,7.091704545
2021-11-25,7.094204545
2021-11-26,7.286931818
2021-11-27,7.035681818
2021-11-28,6.849318182
2021-11-29,6.292613636
2021-11-30,6.080113636
2021-12-01,5.895340909
2021-12-02,5.796477273
2021-12-03,5.685568182
2021-12-04,6.161477273
2021-12-05,6.972840909
2021-12-06,7.573863636
2021-12-07,8.433068182
2021-12-08,9.058295455
2021-12-09,9.517727273
2021-12-10,10.10659091
2021-12-11,10.63784091
2021-12-12,11.07613636
2021-12-13,11.29693182
2021-12-14,11.61863636
2021-12-15,11.80443182
2021-12-16,11.80795455
2021-12-17,11.83340909
2021-12-18,11.90477273
2021-12-19,11.75818182
2021-12-20,11.44681818
2021-12-21,11.35568182
2021-12-22,11.34170455
2021-12-23,10.89909091
2021-12-24,10.83159091
2021-12-25,10.80090909
2021-12-26,10.96965909
2021-12-27,11.37
2021-12-28,11.96034091
2021-12-29,12.75193182
2021-12-30,13.95102273
2021-12-31,15.05420455
2022-01-01,15.6825
2022-01-02,16.38920455
2022-01-03,16.9225
2022-01-04,17.49034091
2022-01-05,17.80681818
2022-01-06,18.0725
2022-01-07,18.30431818
2022-01-08,18.53318182
2022-01-09,18.81193182
2022-01-10,19.35522727
2022-01-11,19.57511364
2022-01-12,19.68852273
2022-01-13,19.78670455
2022-01-14,19.84397727
2022-01-15,19.54840909
2022-01-16,19.05852273
2022-01-17,18.29306818
2022-01-18,17.58931818
2022-01-19,16.89568182
2022-01-20,16.24886364
2022-01-21,15.8825
2022-01-22,15.39477273
2022-01-23,14.62965909
2022-01-24,14.19772727
2022-01-25,13.73647727
2022-01-26,13.15704545
2022-01-27,12.78227273
2022-01-28,12.24352273
2022-01-29,12.03715909
2022-01-30,11.81090909
2022-01-31,11.77806818
2022-02-01,12.17431818
2022-02-02,12.93227273
2022-02-03,13.80329545
2022-02-04,14.81284091
2022-02-05,15.68306818
2022-02-06,16.64443182
2022-02-07,17.18125
2022-02-08,17.62909091
2022-02-09,17.68272727
2022-02-10,17.64738636
2022-02-11,17.56318182
2022-02-12,17.43659091
2022-02-13,17.52545455
2022-02-14,17.96931818
2022-02-15,18.77227273
2022-02-16,19.68420455
2022-02-17,20.61386364
2022-02-18,21.62568182
2022-02-19,22.16818182
2022-02-20,22.68363636
2022-02-21,23.03352273
2022-02-22,23.27113636
2022-02-23,23.62022727
2022-02-24,23.82227273
2022-02-25,24.00693182
2022-02-26,24.31965909
2022-02-27,24.54329545
2022-02-28,24.82647727
2022-03-01,24.95818182
2022-03-02,25.13613636
2022-03-03,25.18886364
2022-03-04,25.51125
2022-03-05,25.69545455
2022-03-06,25.70488636
2022-03-07,25.75693182
2022-03-08,25.84159091
2022-03-09,25.83284091
2022-03-10,25.74920455
2022-03-11,25.77897727
2022-03-12,26.00284091
2022-03-13,25.94818182
2022-03-14,25.88602273
2022-03-15,25.68602273
2022-03-16,25.57920455
2022-03-17,25.61659091
2022-03-18,25.48011364
2022-03-19,25.34806818
2022-03-20,25.49465909
2022-03-21,25.30852273
2022-03-22,25.10568182
2022-03-23,24.93397727
2022-03-24,24.71409091
2022-03-25,24.63954545
2022-03-26,24.59909091
2022-03-27,24.51238636
2022-03-28,24.30818182
2022-03-29,24.09511364
2022-03-30,23.73454545
2022-03-31,23.62272727
2022-04-01,23.48056818
2022-04-02,23.31102273
2022-04-03,23.22897727
2022-04-04,22.91977273
2022-04-05,22.57386364
2022-04-06,22.43284091
2022-04-07,22.42443182
2022-04-08,22.49670455
2022-04-09,22.67272727
2022-04-10,22.87238636
2022-04-11,23.11681818
2022-04-12,23.29125
2022-04-13,23.56534091
2022-04-14,23.88204545
2022-04-15,24.05204545
2022-04-16,24.235
2022-04-17,24.29272727
2022-04-18,24.32784091
2022-04-19,24.45590909
2022-04-20,24.40954545
2022-04-21,24.36772727
2022-04-22,24.24659091
2022-04-23,24.05511364
2022-04-24,23.66034091
2022-04-25,23.38227273
2022-04-26,22.99454545
2022-04-27,22.62681818
2022-04-28,22.32295455
2022-04-29,22.24340909
2022-04-30,22.18534091
2022-05-01,22.14397727
2022-05-02,22.18784091
2022-05-03,22.29761364
2022-05-04,22.3925
2022-05-05,22.48113636
2022-05-06,22.63306818
2022-05-07,22.76159091
2022-05-08,22.87090909
2022-05-09,22.91988636
2022-05-10,23.11375
2022-05-11,23.26715909
2022-05-12,23.50397727
2022-05-13,23.36840909
2022-05-14,23.32284091
2022-05-15,23.23284091
2022-05-16,22.85727273
2022-05-17,22.48056818
2022-05-18,22.04579545
2022-05-19,21.58034091
2022-05-20,21.23875
2022-05-21,20.85977273
2022-05-22,20.54602273
2022-05-23,20.27534091
2022-05-24,19.95977273
2022-05-25,19.61715909
2022-05-26,19.3275
2022-05-27,19.27636364
2022-05-28,18.93261364
2022-05-29,18.81738636
2022-05-30,18.71068182
2022-05-31,18.60136364
2022-06-01,18.39204545
2022-06-02,18.21602273
2022-06-03,17.99443182
2022-06-04,17.85079545
2022-06-05,17.84397727
2022-06-06,17.71011364
2022-06-07,17.62613636
2022-06-08,17.37443182
2022-06-09,17.04715909
2022-06-10,16.65465909
2022-06-11,16.19602273
2022-06-12,15.61272727
2022-06-13,14.93454545
2022-06-14,14.30329545
2022-06-15,13.58238636
2022-06-16,12.81931818
2022-06-17,12.06931818
2022-06-18,11.41340909
2022-06-19,10.82170455
2022-06-20,10.32329545
2022-06-21,9.7575
2022-06-22,9.276590909
2022-06-23,8.858181818
2022-06-24,8.403863636
2022-06-25,7.864204545
2022-06-26,7.459659091
2022-06-27,7.334090909
2022-06-28,7.176477273
2022-06-29,6.914659091
2022-06-30,6.863522727
2022-07-01,6.714545455
2022-07-02,6.530340909
2022-07-03,6.170227273
2022-07-04,6.01625
2022-07-05,6.114659091
2022-07-06,6.322045455
2022-07-07,6.663977273
2022-07-08,6.821136364
2022-07-09,7.101704545
2022-07-10,7.122613636
2022-07-11,7.030113636
2022-07-12,6.915113636
2022-07-13,6.775681818
2022-07-14,6.76375
2022-07-15,6.7425
2022-07-16,6.658977273
2022-07-17,6.654318182
2022-07-18,6.527386364
2022-07-19,6.359545455
2022-07-20,6.323863636
2022-07-21,6.513295455
2022-07-22,6.690227273
2022-07-23,6.896931818
2022-07-24,7.750113636
2022-07-25,7.729204545
2022-07-26,7.982954545
2022-07-27,8.199204545
2022-07-28,8.351590909
2022-07-29,8.504431818
2022-07-30,8.539431818
2022-07-31,8.465909091
2022-08-01,8.327954545
2022-08-02,8.150454545
2022-08-03,7.963181818
2022-08-04,7.711136364
2022-08-05,7.537840909
2022-08-06,7.360227273
2022-08-07,7.072840909
2022-08-08,7.116818182
2022-08-09,7.399090909
2022-08-10,7.394545455
2022-08-11,7.195113636
2022-08-12,7.036136364
2022-08-13,7.220340909
2022-08-14,7.694772727
2022-08-15,8.002159091
2022-08-16,7.935
2022-08-17,7.766818182
2022-08-18,7.506136364
2022-08-19,7.195
2022-08-20,7.073522727
2022-08-21,6.996818182
2022-08-22,6.954204545
2022-08-23,6.78375
2022-08-24,6.550795455
2022-08-25,6.268863636
2022-08-26,5.873863636
2022-08-27,5.390568182
2022-08-28,5.094431818
2022-08-29,4.927159091
2022-08-30,4.985340909
2022-08-31,4.873068182
2022-09-01,5.04875
2022-09-02,5.149204545
2022-09-03,5.308181818
2022-09-04,5.442954545
2022-09-05,5.535113636
2022-09-06,5.601363636
2022-09-07,5.440795455
2022-09-08,5.226931818
2022-09-09,4.917840909
2022-09-10,4.696704545
2022-09-11,4.455681818
2022-09-12,4.184772727
2022-09-13,4.184090909
2022-09-14,4.196136364
2022-09-15,4.153295455
2022-09-16,4.46125
2022-09-17,4.935909091
2022-09-18,4.874772727
2022-09-19,4.070681818
2022-09-20,3.964886364
2022-09-21,3.967159091
2022-09-22,3.758977273
2022-09-23,3.7525
2022-09-24,3.683522727
2022-09-25,3.559772727
2022-09-26,3.393068182
2022-09-27,3.319772727
2022-09-28,3.545568182
2022-09-29,3.525568182
2022-09-30,3.918977273
2022-10-01,4.0725
2022-10-02,4.209431818
2022-10-03,4.40625
2022-10-04,4.251704545
2022-10-05,4.10125
2022-10-06,4.220681818
2022-10-07,4.154431818
2022-10-08,3.802840909
2022-10-09,3.161931818
2022-10-10,3.088522727
2022-10-11,3.102045455
2022-10-12,3.223522727
2022-10-13,3.345454545
2022-10-14,3.717954545
2022-10-15,3.691590909
2022-10-16,3.863295455
2022-10-17,3.978068182
2022-10-18,4.441818182
2022-10-19,4.444431818
2022-10-20,4.448636364
2022-10-21,4.484545455
2022-10-22,3.992727273
2022-10-23,3.819090909
2022-10-24,3.906363636
2022-10-25,3.890113636
2022-10-26,4.295
2022-10-27,4.124886364
2022-10-28,4.166818182
2022-10-29,4.226931818
2022-10-30,4.751022727
2022-10-31,4.325454545
2022-11-01,4.298068182
2022-11-02,4.27375
2022-11-03,4.427159091
2022-11-04,4.908068182
2022-11-05,4.14875
2022-11-06,4.182840909
2022-11-07,3.991590909
2022-11-08,4.175227273
2022-11-09,4.590227273
2022-11-10,4.907613636
2022-11-11,5.017045455
2022-11-12,5.524318182
2022-11-13,5.89125
2022-11-14,6.646022727
2022-11-15,6.999204545
2022-11-16,7.293863636
2022-11-17,7.118522727
2022-11-18,7.050340909
2022-11-19,6.993295455
2022-11-20,7.315340909
2022-11-21,6.862613636
2022-11-22,6.555568182
2022-11-23,6.258295455
2022-11-24,6.008181818
2022-11-25,5.960454545
2022-11-26,5.770227273
2022-11-27,5.707386364
2022-11-28,5.810795455
2022-11-29,5.876363636
2022-11-30,6.325113636
2022-12-01,6.652386364
2022-12-02,7.312272727
2022-12-03,7.918977273
2022-12-04,8.709090909
2022-12-05,9.489318182
2022-12-06,9.658863636
2022-12-07,9.934431818
2022-12-08,10.56193182
2022-12-09,11.9075
2022-12-10,12.43636364
2022-12-11,12.54079545
2022-12-12,12.61534091
2022-12-13,12.46886364
2022-12-14,12.45034091
2022-12-15,12.28090909
2022-12-16,12.04193182
2022-12-17,11.60022727
2022-12-18,11.02034091
2022-12-19,10.62261364
2022-12-20,10.30897727
2022-12-21,9.825454545
2022-12-22,9.960340909
2022-12-23,10.15113636
2022-12-24,10.38284091
2022-12-25,10.36522727
2022-12-26,10.55727273
2022-12-27,11.05034091
2022-12-28,11.38340909
2022-12-29,11.69738636
2022-12-30,12.04806818
2022-12-31,12.59647727
2023-01-01,13.50829545
2023-01-02,14.44056818
2023-01-03,15.36477273
2023-01-04,16.03556818
2023-01-05,16.72772727
2023-01-06,16.93977273
2023-01-07,16.70420455
2023-01-08,16.18329545
2023-01-09,15.52511364
2023-01-10,15.08693182
2023-01-11,14.85477273
2023-01-12,14.38931818
2023-01-13,14.17647727
2023-01-14,14.56943182
2023-01-15,14.78681818
2023-01-16,15.03011364
2023-01-17,15.47193182
2023-01-18,16.09340909
2023-01-19,16.99943182
2023-01-20,17.62602273
2023-01-21,17.93636364
2023-01-22,18.39636364
2023-01-23,18.8575
2023-01-24,19.46715909
2023-01-25,19.68818182
2023-01-26,19.89772727
2023-01-27,19.93647727
2023-01-28,19.99659091
2023-01-29,20.24329545
2023-01-30,19.96568182
2023-01-31,19.89113636
2023-02-01,19.62238636
2023-02-02,19.71227273
2023-02-03,19.95068182
2023-02-04,20.36693182
2023-02-05,20.52863636
2023-02-06,20.88818182
2023-02-07,20.92011364
2023-02-08,20.6175
2023-02-09,20.36159091
2023-02-10,20.24795455
2023-02-11,20.12238636
2023-02-12,20.1
2023-02-13,20.09477273
2023-02-14,20.28045455
2023-02-15,20.45772727
2023-02-16,20.65613636
2023-02-17,21.04363636
2023-02-18,21.18363636
2023-02-19,21.33522727
2023-02-20,21.61170455
2023-02-21,21.58204545
2023-02-22,21.55931818
2023-02-23,21.61647727
2023-02-24,21.71056818
2023-02-25,21.81681818
2023-02-26,22.12090909
2023-02-27,22.46943182
2023-02-28,22.82829545
2023-03-01,23.20829545
2023-03-02,23.58568182
2023-03-03,24.13681818
2023-03-04,24.59590909
2023-03-05,24.85443182
2023-03-06,25.29931818
2023-03-07,25.9425
2023-03-08,26.17920455
2023-03-09,26.22431818
2023-03-10,26.16431818
2023-03-11,26.00693182
2023-03-12,25.64829545
2023-03-13,25.21454545
2023-03-14,24.73488636
2023-03-15,23.97625
2023-03-16,23.27215909
2023-03-17,22.62738636
2023-03-18,22.23647727
2023-03-19,22.09386364
2023-03-20,21.98204545
2023-03-21,22.09477273
2023-03-22,22.04340909
2023-03-23,22.17272727
2023-03-24,22.36909091
2023-03-25,22.58318182
2023-03-26,22.70715909
2023-03-27,22.97386364
2023-03-28,23.38806818
2023-03-29,23.56136364
2023-03-30,23.70647727
2023-03-31,23.87125
2023-04-01,23.93193182
2023-04-02,24.17590909
2023-04-03,23.87034091
2023-04-04,23.64806818
2023-04-05,23.66988636
2023-04-06,23.36340909
2023-04-07,23.15193182
2023-04-08,22.75318182
2023-04-09,22.37443182
2023-04-10,21.95238636
2023-04-11,22.05136364
2023-04-12,22.14886364
2023-04-13,22.19170455
2023-04-14,20.03318182
2023-04-15,19.40465909
2023-04-16,18.84284091
2023-04-17,18.30329545
2023-04-18,17.90897727
2023-04-19,17.49022727
2023-04-20,17.06704545
2023-04-21,16.56681818
2023-04-22,16.16011364
2023-04-23,15.79534091
2023-04-24,15.23795455
2023-04-25,14.86
2023-04-26,14.55420455
2023-04-27,14.16079545
2023-04-28,13.88568182
2023-04-29,13.77693182
2023-04-30,13.78602273
2023-05-01,13.82443182
2023-05-02,13.93022727
2023-05-03,14.20511364
2023-05-04,14.54477273
2023-05-05,14.95602273
2023-05-06,15.38215909
2023-05-07,15.65488636
2023-05-08,15.75715909
2023-05-09,15.44113636
2023-05-10,15.45693182
2023-05-11,15.46340909
2023-05-12,15.50431818
2023-05-13,15.46181818
2023-05-14,15.53295455
2023-05-15,15.43852273
2023-05-16,15.12772727
2023-05-17,14.78795455
2023-05-18,14.26295455
2023-05-19,13.735
2023-05-20,13.04738636
2023-05-21,12.32977273
2023-05-22,11.58136364
2023-05-23,10.71659091
2023-05-24,9.773295455
2023-05-25,8.949659091
2023-05-26,8.410909091
2023-05-27,7.951590909
2023-05-28,7.707159091
2023-05-29,7.439659091
2023-05-30,7.161363636
2023-05-31,6.836363636
2023-06-01,6.605113636
2023-06-02,6.331590909
2023-06-03,6.166931818
2023-06-04,5.9275
2023-06-05,5.817272727
2023-06-06,5.648409091
2023-06-07,5.460340909
2023-06-08,5.536136364
2023-06-09,5.419204545
2023-06-10,5.534659091
2023-06-11,5.432954545
2023-06-12,5.257954545
2023-06-13,5.104545455
2023-06-14,5.070568182
2023-06-15,5.101704545
2023-06-16,4.9825
2023-06-17,4.864886364
2023-06-18,4.761590909
2023-06-19,4.737613636
2023-06-20,4.485681818
2023-06-21,4.290340909
2023-06-22,4.352613636
2023-06-23,4.305795455
2023-06-24,4.193068182
2023-06-25,4.298295455
2023-06-26,4.334090909
2023-06-27,4.553295455
2023-06-28,4.721931818
2023-06-29,4.845681818
2023-06-30,4.93375
2023-07-01,5.065227273
2023-07-02,5.173977273
2023-07-03,5.324772727
2023-07-04,5.28125
2023-07-05,5.332386364
2023-07-06,5.342045455
2023-07-07,5.476022727
2023-07-08,5.568295455
2023-07-09,5.674204545
2023-07-10,5.739772727
2023-07-11,5.736363636
2023-07-12,5.8325
2023-07-13,5.739431818
2023-07-14,5.659431818
2023-07-15,5.749431818
2023-07-16,6.033409091
2023-07-17,6.190795455
2023-07-18,6.322159091
2023-07-19,6.234431818
2023-07-20,6.049886364
2023-07-21,5.695568182
2023-07-22,5.536704545
2023-07-23,5.230795455
2023-07-24,4.959204545
2023-07-25,4.794204545
2023-07-26,4.639545455
2023-07-27,4.5825
2023-07-28,4.505681818
2023-07-29,4.376022727
2023-07-30,4.220909091
2023-07-31,4.242045455
2023-08-01,4.435795455
2023-08-02,4.707727273
2023-08-03,5.0475
2023-08-04,5.278522727
2023-08-05,5.525568182
2023-08-06,5.573977273
2023-08-07,5.557045455
2023-08-08,5.435568182
2023-08-09,5.475340909
2023-08-10,5.68375
2023-08-11,6.100681818
2023-08-12,5.862045455
2023-08-13,5.933181818
2023-08-14,6.078068182
2023-08-15,5.930568182
2023-08-16,5.708977273
2023-08-17,5.595454545
2023-08-18,5.416590909
2023-08-19,5.333977273
2023-08-20,4.897840909
2023-08-21,4.575454545
2023-08-22,4.275681818
2023-08-23,4.180227273
2023-08-24,4.333181818
2023-08-25,4.713522727
2023-08-26,4.626477273
2023-08-27,4.540909091
2023-08-28,4.431818182
2023-08-29,3.966818182
2023-08-30,3.759886364
2023-08-31,3.589431818
2023-09-01,3.457159091
2023-09-02,3.279318182
2023-09-03,3.224545455
2023-09-04,3.097840909
2023-09-05,3.124431818
2023-09-06,3.098863636
2023-09-07,3.486590909
2023-09-08,3.359772727
2023-09-09,3.4975
2023-09-10,3.892613636
2023-09-11,3.712954545
2023-09-12,3.731477273
2023-09-13,3.569545455
2023-09-14,3.255681818
2023-09-15,3.255681818
2023-09-16,3.204545455
2023-09-17,3.647727273
2023-09-18,3.826704545
2023-09-19,3.818181818
2023-09-20,3.9375
2023-09-21,4.176136364
2023-09-22,4.261363636
2023-09-23,4.133522727
2023-09-24,4.048295455
2023-09-25,3.963068182
2023-09-26,4.005681818
2023-09-27,3.852272727
2023-09-28,3.536931818
2023-09-29,3.417840909
2023-09-30,3.593863636
2023-10-01,5.349090909
2023-10-02,4.099545455
2023-10-03,3.655568182
2023-10-04,3.578863636
2023-10-05,3.473409091
2023-10-06,3.412840909
2023-10-07,3.4475
2023-10-08,3.777272727
2023-10-09,3.976590909
2023-10-10,3.874886364
2023-10-11,3.789659091
2023-10-12,3.7175
2023-10-13,3.676363636
2023-10-14,3.597386364
2023-10-15,3.611931818
2023-10-16,3.528863636
2023-10-17,3.54875
2023-10-18,3.673295455
2023-10-19,3.870454545
2023-10-20,4.050113636
2023-10-21,4.327272727
2023-10-22,4.087045455
2023-10-23,3.835113636
2023-10-24,3.894545455
2023-10-25,3.843636364
2023-10-26,3.952159091
2023-10-27,3.970568182
2023-10-28,3.880568182
2023-10-29,3.983977273
2023-10-30,4.172613636
2023-10-31,4.322272727
2023-11-01,4.254204545
2023-11-02,4.506477273
2023-11-03,4.865568182
2023-11-04,5.627613636
2023-11-05,5.900227273
2023-11-06,4.934659091
2023-11-07,4.383863636
2023-11-08,4.289659091
2023-11-09,4.098181818
2023-11-10,4.293181818
2023-11-11,3.707840909
2023-11-12,3.411818182
2023-11-13,3.276022727
2023-11-14,3.330227273
2023-11-15,3.825909091
2023-11-16,3.795795455
2023-11-17,3.762045455
2023-11-18,3.620227273
2023-11-19,4.174886364
2023-11-20,4.738863636
2023-11-21,4.759090909
2023-11-22,4.424431818
2023-11-23,4.038522727
2023-11-24,3.783977273
2023-11-25,3.650568182
2023-11-26,3.488636364
2023-11-27,3.471590909
2023-11-28,3.710227273
2023-11-29,3.821022727
2023-11-30,3.573863636
2023-12-01,3.428977273
2023-12-02,3.821022727
2023-12-03,4.272727273
2023-12-04,4.835227273
2023-12-05,4.877840909
2023-12-06,4.860795455
2023-12-07,4.025568182
2023-12-08,3.778409091
2023-12-09,3.497159091
2023-12-10,3.53125
2023-12-11,3.607954545
2023-12-12,3.582386364
2023-12-13,3.889204545
2023-12-14,4.775568182
2023-12-15,4.136363636
2023-12-16,4.09375
2023-12-17,3.778409091
2023-12-18,3.446022727
2023-12-19,3.34375
2023-12-20,3.360795455
